GROUP,PACKAGE,CLASS,INSTRUCTION_MISSED,INSTRUCTION_COVERED,BRANCH_MISSED,BRANCH_COVERED,LINE_MISSED,LINE_COVERED,COMPLEXITY_MISSED,COMPLEXITY_COVERED,METHOD_MISSED,METHOD_COVERED
Airline Web/REST Project,edu.pdx.cs410J.riley34,Messages.new Map.Entry() {...},5,24,0,2,1,6,1,4,1,3
Airline Web/REST Project,edu.pdx.cs410J.riley34,PrettyPrinter,56,38,6,2,15,10,5,2,1,2
Airline Web/REST Project,edu.pdx.cs410J.riley34,XmlParser,222,199,11,5,52,43,8,3,1,2
Airline Web/REST Project,edu.pdx.cs410J.riley34,AirlineRestClient,113,0,2,0,23,0,9,0,8,0
Airline Web/REST Project,edu.pdx.cs410J.riley34,XmlDumper,463,0,10,0,109,0,11,0,6,0
Airline Web/REST Project,edu.pdx.cs410J.riley34,Project5,874,0,146,0,207,0,76,0,3,0
Airline Web/REST Project,edu.pdx.cs410J.riley34,Messages,27,101,0,6,4,19,4,8,4,5
Airline Web/REST Project,edu.pdx.cs410J.riley34,AirlineServlet,531,0,56,0,139,0,39,0,11,0
Airline Web/REST Project,edu.pdx.cs410J.riley34,Airline,58,32,8,2,14,10,6,5,2,4
Airline Web/REST Project,edu.pdx.cs410J.riley34,Flight,163,139,17,15,31,31,18,11,7,6
Airline Web/REST Project,edu.pdx.cs410J.riley34,AirlineRestClient.AirlineRestException,8,0,0,0,3,0,1,0,1,0
